[
    [
        {
            "curso": 1,
            "tipoCurso": "DIURNO",
            "carrera": "Ingenieria Informática",
            "grupo": 13,
            "ci": "01012367891",
            "nombre": "Luis",
            "primer_apellido": "Capote",
            "segundo_apellido": "Perez",
            "facultad": "Ing_Informática",
            "idBecado": "12345",
            "noCuarto": 301
        },
        [
            {
                "id": 17,
                "estado": "PENDIENTE",
                "fecha": {
                    "year": 2023,
                    "month": 10,
                    "dayOfMonth": 27,
                    "hourOfDay": 8,
                    "minute": 0,
                    "second": 0
                },
                "motivo": "Enfermedad",
                "fechaSalida": {
                    "year": 2024,
                    "month": 1,
                    "dayOfMonth": 15,
                    "hourOfDay": 0,
                    "minute": 0,
                    "second": 0
                },
                "fechaRegreso": {
                    "year": 2024,
                    "month": 9,
                    "dayOfMonth": 1,
                    "hourOfDay": 8,
                    "minute": 0,
                    "second": 0
                }
            }
            
        ]
    ],
    [
        {
            "curso": 1,
        "tipoCurso": "DIURNO",
        "carrera": "Ingenieria Informática",
        "grupo": 13,
        "ci": "01012367897",
        "nombre": "Arath",
        "primer_apellido": "de la Torre",
        "segundo_apellido": "Villanueva",
        "facultad": "Ing_Informática",
        "idBecado": "12748",
        "noCuarto": 301
        },
        [
            {
                "id": 18,
                "estado": "PENDIENTE",
                "fecha": {
                    "year": 2023,
                    "month": 11,
                    "dayOfMonth": 2,
                    "hourOfDay": 12,
                    "minute": 0,
                    "second": 0
                },
                "motivo": "Accidente",
                "fechaSalida": {
                    "year": 2024,
                    "month": 1,
                    "dayOfMonth": 15,
                    "hourOfDay": 0,
                    "minute": 0,
                    "second": 0
                },
                "fechaRegreso": {
                    "year": 2024,
                    "month": 9,
                    "dayOfMonth": 1,
                    "hourOfDay": 8,
                    "minute": 0,
                    "second": 0
                }
            }
            
        ]
    ],
    [
        {
            "curso": 2,
        "tipoCurso": "DIURNO",
        "carrera": "Ingenieria Informática",
        "grupo": 22,
        "ci": "02012367891",
        "nombre": "Pedro",
        "primer_apellido": "Fernández",
        "segundo_apellido": "Cantoral",
        "facultad": "Ing_Informática",
        "idBecado": "12346",
        "noCuarto": 302
        },
        [
            {
                "id": 19,
                "estado": "PENDIENTE",
                "fecha": {
                    "year": 2023,
                    "month": 12,
                    "dayOfMonth": 22,
                    "hourOfDay": 16,
                    "minute": 0,
                    "second": 0
                },
                "motivo": "Enfermedad",
                "fechaSalida": {
                    "year": 2024,
                    "month": 1,
                    "dayOfMonth": 15,
                    "hourOfDay": 0,
                    "minute": 0,
                    "second": 0
                },
                "fechaRegreso": {
                    "year": 2024,
                    "month": 9,
                    "dayOfMonth": 1,
                    "hourOfDay": 8,
                    "minute": 0,
                    "second": 0
                }
            }
            
        ]
    ],
    [
        {
            "curso": 3,
        "tipoCurso": "DIURNO",
        "carrera": "Ingenieria Informática",
        "grupo": 33,
        "ci": "03012367891",
        "nombre": "Lucero",
        "primer_apellido": "Spanic",
        "segundo_apellido": "Pinal",
        "facultad": "Ing_Informática",
        "idBecado": "12347",
        "noCuarto": 303
        },
        [
            {
                "id": 20,
                "estado": "PENDIENTE",
                "fecha": {
                    "year": 2023,
                    "month": 9,
                    "dayOfMonth": 6,
                    "hourOfDay": 16,
                    "minute": 0,
                    "second": 0
                },
                "motivo": "Enfermedad",
                "fechaSalida": {
                    "year": 2024,
                    "month": 1,
                    "dayOfMonth": 15,
                    "hourOfDay": 0,
                    "minute": 0,
                    "second": 0
                },
                "fechaRegreso": {
                    "year": 2024,
                    "month": 9,
                    "dayOfMonth": 1,
                    "hourOfDay": 8,
                    "minute": 0,
                    "second": 0
                }
            }
            
        ]
    ],
    [
        {
            "curso": 4,
            "tipoCurso": "DIURNO",
            "carrera": "Ingenieria Informática",
            "grupo": 44,
            "ci": "04012367891",
            "nombre": "Victoria",
            "primer_apellido": "Ruffo",
            "segundo_apellido": "Perroni",
            "facultad": "Ing_Informática",
            "idBecado": "12348",
            "noCuarto": 304
        },
        [
            {
                "id": 21,
                "estado": "PENDIENTE",
                "fecha": {
                    "year": 2023,
                    "month": 10,
                    "dayOfMonth": 30,
                    "hourOfDay": 12,
                    "minute": 0,
                    "second": 0
                },
                "motivo": "Accidente",
                "fechaSalida": {
                    "year": 2024,
                    "month": 1,
                    "dayOfMonth": 15,
                    "hourOfDay": 0,
                    "minute": 0,
                    "second": 0
                },
                "fechaRegreso": {
                    "year": 2024,
                    "month": 9,
                    "dayOfMonth": 1,
                    "hourOfDay": 8,
                    "minute": 0,
                    "second": 0
                }
            }
            
        ]
    ]
]