[
    [
        {
            "ci": "81020563846",
            "nombre": "Marcel",
            "primer_apellido": "Pérez",
            "segundo_apellido": "González",
            "numerotrabajador": "987654",
            "facultad": "Ing_Industrial",
            "departamento": "Matemáticas",
            "categoriaDocente": "Profesor Titular"
        },
        [
            {
                "id": 22,
                "estado": "PENDIENTE",
                "fecha": {
                    "year": 2023,
                    "month": 11,
                    "dayOfMonth": 22,
                    "hourOfDay": 8,
                    "minute": 0,
                    "second": 0
                },
                "motivo": "Vacaciones",
                "fechaSalida": {
                    "year": 2023,
                    "month": 12,
                    "dayOfMonth": 27,
                    "hourOfDay": 8,
                    "minute": 0,
                    "second": 0
                },
                "fechaRegreso": {
                    "year": 2024,
                    "month": 2,
                    "dayOfMonth": 1,
                    "hourOfDay": 8,
                    "minute": 0,
                    "second": 0
                }
            }
            
        ]
    ],
    [
        {
            "ci": "81030561847",
            "nombre": "Diego",
            "primer_apellido": "Ramos",
            "segundo_apellido": "Rodriguez",
            "numerotrabajador": "810000",
            "facultad": "Ing_Informatica",
            "departamento": "Programacion",
            "categoriaDocente": "MASTER"
        },
        [
            {
                "id": 23,
                "estado": "PENDIENTE",
                "fecha": {
                    "year": 2023,
                    "month": 10,
                    "dayOfMonth": 6,
                    "hourOfDay": 16,
                    "minute": 0,
                    "second": 0
                },
                "motivo": "Accidente",
                "fechaSalida": {
                    "year": 2023,
                    "month": 11,
                    "dayOfMonth": 6,
                    "hourOfDay": 8,
                    "minute": 0,
                    "second": 0
                },
                "fechaRegreso": {
                    "year": 2024,
                    "month": 1,
                    "dayOfMonth": 1,
                    "hourOfDay": 8,
                    "minute": 0,
                    "second": 0
                }
            }
        ]
    ],
    [
        {
            "ci": "83050561849",
            "nombre": "Martin",
            "primer_apellido": "Rodriguez",
            "segundo_apellido": "Perez",
            "numerotrabajador": "830000",
            "facultad": "Ing_Informatica",
            "departamento": "Inteligencia Artificial",
            "categoriaDocente": "INGENIERO"
        },
        [
           
            {
                "id": 24,
                "estado": "PENDIENTE",
                "fecha": {
                    "year": 2023,
                    "month": 11,
                    "dayOfMonth": 30,
                    "hourOfDay": 16,
                    "minute": 0,
                    "second": 0
                },
                "motivo": "Enfermedad",
                "fechaSalida": {
                    "year": 2023,
                    "month": 12,
                    "dayOfMonth": 30,
                    "hourOfDay": 8,
                    "minute": 0,
                    "second": 0
                },
                "fechaRegreso": {
                    "year": 2024,
                    "month": 2,
                    "dayOfMonth": 1,
                    "hourOfDay": 8,
                    "minute": 0,
                    "second": 0
                }
            }
        ]
    ],
    [
        {
            "ci": "84010561850",
        "nombre": "Gabriela",
        "primer_apellido": "Rocha",
        "segundo_apellido": "Gonzalez",
        "numerotrabajador": "840000",
        "facultad": "Ing_Informatica",
        "departamento": "Bases De Datos",
        "categoriaDocente": "MASTER"
        },
        [
            
            {
                "id": 25,
                "estado": "PENDIENTE",
                "fecha": {
                    "year": 2023,
                    "month": 9,
                    "dayOfMonth": 28,
                    "hourOfDay": 16,
                    "minute": 0,
                    "second": 0
                },
                "motivo": "Enfermedad",
                "fechaSalida": {
                    "year": 2023,
                    "month": 10,
                    "dayOfMonth": 28,
                    "hourOfDay": 8,
                    "minute": 0,
                    "second": 0
                },
                "fechaRegreso": {
                    "year": 2024,
                    "month": 1,
                    "dayOfMonth": 1,
                    "hourOfDay": 8,
                    "minute": 0,
                    "second": 0
                }
            }
            
        ]
    ],
    [
        {
            "ci": "80070561846",
        "nombre": "Natalia",
        "primer_apellido": "Oreiro",
        "segundo_apellido": "Iglesias",
        "numerotrabajador": "800001",
        "facultad": "Ing_Informatica",
        "departamento": "Matematicas",
        "categoriaDocente": "INGENIERO"
        },
        [
            {
                "id": 26,
                "estado": "PENDIENTE",
                "fecha": {
                    "year": 2023,
                    "month": 9,
                    "dayOfMonth": 7,
                    "hourOfDay": 12,
                    "minute": 0,
                    "second": 0
                },
                "motivo": "Accidente",
                "fechaSalida": {
                    "year": 2023,
                    "month": 10,
                    "dayOfMonth": 7,
                    "hourOfDay": 8,
                    "minute": 0,
                    "second": 0
                },
                "fechaRegreso": {
                    "year": 2024,
                    "month": 1,
                    "dayOfMonth": 1,
                    "hourOfDay": 8,
                    "minute": 0,
                    "second": 0
                }
            }
            
        ]
    ]
]