[
    [
        {
            "curso": 1,
            "tipoCurso": "DIURNO",
            "carrera": "Ingenieria Informatica",
            "grupo": 11,
            "ci": "05012367891",
            "nombre": "Sebastián",
            "primer_apellido": "Rulli",
            "segundo_apellido": "Díaz",
            "facultad": "Ing_Informatica",
            "idBecado": "12349",
            "noCuarto": 305
        },
        [
            {
                "id": 1,
                "estado": "PENDIENTE",
                "fecha": {
                    "year": 2023,
                    "month": 10,
                    "dayOfMonth": 18,
                    "hourOfDay": 0,
                    "minute": 23,
                    "second": 11
                },
                "motivo": "Enfermedad"
            }
        ]
    ], 
    [
        {
            "curso": 1,
            "tipoCurso": "DIURNO",
            "carrera": "Ingenieria Informatica",
            "grupo": 13,
            "ci": "01012367897",
            "nombre": "Mario",
            "primer_apellido": "Casas",
            "segundo_apellido": "Sierra",
            "facultad": "Ing_Informatica",
            "idBecado": "12945",
            "noCuarto": 301
        },
        [
            {
                "id": 2,
                "estado": "PENDIENTE",
                "fecha": {
                    "year": 2023,
                    "month": 9,
                    "dayOfMonth": 20,
                    "hourOfDay": 8,
                    "minute": 0,
                    "second": 0
                },
                "motivo": "Enfermedad"
            }
        ]
    ],
    [
        {
            "curso": 2,
            "tipoCurso": "DIURNO",
            "carrera": "Ingenieria Informatica",
            "grupo": 22,
            "ci": "02020561846",
            "nombre": "Miguel",
            "primer_apellido": "Herran",
            "segundo_apellido": "Ruiz",
            "facultad": "Ing_Informatica",
            "idBecado": "12946",
            "noCuarto": 302
        },
        [
            {
                "id": 3,
                "estado": "PENDIENTE",
                "fecha": {
                    "year": 2023,
                    "month": 10,
                    "dayOfMonth": 1,
                    "hourOfDay": 16,
                    "minute": 0,
                    "second": 0
                },
                "motivo": "Accidente"
            }
        ]
    ],
    [
        {
            "curso": 3,
            "tipoCurso": "DIURNO",
            "carrera": "Ingenieria Informatica",
            "grupo": 33,
            "ci": "03030561846",
            "nombre": "Jaime",
            "primer_apellido": "Lorente",
            "segundo_apellido": "Lopez",
            "facultad": "Ing_Informatica",
            "idBecado": "12947",
            "noCuarto": 303
        },
        [
            {
                "id": 4,
                "estado": "PENDIENTE",
                "fecha": {
                    "year": 2023,
                    "month": 11,
                    "dayOfMonth": 15,
                    "hourOfDay": 12,
                    "minute": 0,
                    "second": 0
                },
                "motivo": "Enfermedad"
            }
             
        ]
    ],
    [
        {
            "curso": 4,
            "tipoCurso": "DIURNO",
            "carrera": "Ingenieria Informatica",
            "grupo": 44,
            "ci": "04040561846",
            "nombre": "Alvaro",
            "primer_apellido": "Morte",
            "segundo_apellido": "Gonzalez",
            "facultad": "Ing_Informatica",
            "idBecado": "12948",
            "noCuarto": 304
        },
        [{
            "id": 5,
            "estado": "PENDIENTE",
            "fecha": {
                "year": 2023,
                "month": 12,
                "dayOfMonth": 30,
                "hourOfDay": 8,
                "minute": 0,
                "second": 0
            },
            "motivo": "Accidente"
        }
        ]
    ],
    [
        {
            "curso": 1,
            "tipoCurso": "DIURNO",
            "carrera": "Ingenieria Informatica",
            "grupo": 11,
            "ci": "01010561846",
            "nombre": "Itzan",
            "primer_apellido": "Escamilla",
            "segundo_apellido": "Gonzalez",
            "facultad": "Ing_Informatica",
            "idBecado": "12949",
            "noCuarto": 305
        },
        [{
            "id": 6,
            "estado": "PENDIENTE",
            "fecha": {
                "year": 2023,
                "month": 9,
                "dayOfMonth": 5,
                "hourOfDay": 12,
                "minute": 0,
                "second": 0
            },
            "motivo": "Enfermedad"
        }
        ]
    ]
]