[
    {
        "ci": "81020563846",
        "nombre": "Marcel",
        "primer_apellido": "Pérez",
        "segundo_apellido": "González",
        "numerotrabajador": "987654",
        "facultad": "Ing_Informática",
        "departamento": "Matemáticas",
        "categoriaDocente": "INGENIERO"
    },
    {
        "ci": "81030561847",
        "nombre": "Diego",
        "primer_apellido": "Ramos",
        "segundo_apellido": "Rodriguez",
        "numerotrabajador": "810000",
        "facultad": "Ing_Informática",
        "departamento": "Programacion",
        "categoriaDocente": "MASTER"
    },
    {
        "ci": "83050561849",
        "nombre": "Martin",
        "primer_apellido": "Rodriguez",
        "segundo_apellido": "Perez",
        "numerotrabajador": "830000",
        "facultad": "Ing_Informática",
        "departamento": "Inteligencia Artificial",
        "categoriaDocente": "INGENIERO"
    },
    {
        "ci": "84010561850",
        "nombre": "Gabriela",
        "primer_apellido": "Rocha",
        "segundo_apellido": "Gonzalez",
        "numerotrabajador": "840000",
        "facultad": "Ing_Informática",
        "departamento": "Bases De Datos",
        "categoriaDocente": "MASTER"
    },
    {
        "ci": "80070561846",
        "nombre": "Natalia",
        "primer_apellido": "Oreiro",
        "segundo_apellido": "Iglesias",
        "numerotrabajador": "800001",
        "facultad": "Ing_Informática",
        "departamento": "Matematicas",
        "categoriaDocente": "INGENIERO"
     },
     {
        "ci": "82090561848",
        "nombre": "Osvaldo",
        "primer_apellido": "Laport",
        "segundo_apellido": "Gomez",
        "numerotrabajador": "820000",
        "facultad": "Ing_Informática",
        "departamento": "Historia",
        "categoriaDocente": "DOCTOR"
     },
     {
        "ci": "60070561846",
        "nombre": "Maribel",
        "primer_apellido": "Guardia",
        "segundo_apellido": "Fernandez",
        "numerotrabajador": "805001",
        "facultad": "Ing_Informática",
        "departamento": "Matematicas",
        "categoriaDocente": "INGENIERO"
     },
     {
        "ci": "61030561847",
        "nombre": "Harry",
        "primer_apellido": "Geithner",
        "segundo_apellido": "Gomez",
        "numerotrabajador": "810800",
        "facultad": "Ing_Informática",
        "departamento": "Programacion",
        "categoriaDocente": "MASTER"
     },
     {
        "ci": "62090561848",
        "nombre": "Mario",
        "primer_apellido": "Chacon",
        "segundo_apellido": "Gonzalez",
        "numerotrabajador": "820090",
        "facultad": "Ing_Informática",
        "departamento": "Historia",
        "categoriaDocente": "DOCTOR"
     },
     {
        "ci": "63050561849",
        "nombre": "Nancy",
        "primer_apellido": "Dobles",
        "segundo_apellido": "Gutierrez",
        "numerotrabajador": "839000",
        "facultad": "Ing_Informática",
        "departamento": "Inteligencia Artificial",
        "categoriaDocente": "INGENIERO"
     },
     {
        "ci": "64010561850",
        "nombre": "Leonardo",
        "primer_apellido": "Perucci",
        "segundo_apellido": "Martinez",
        "numerotrabajador": "841000",
        "facultad": "Ing_Informática",
        "departamento": "Bases De Datos",
        "categoriaDocente": "MASTER"
     }
     
         
]