[
    {
        "curso": 1,
        "tipoCurso": "DIURNO",
        "carrera": "Ingenieria Informatica",
        "grupo": 13,
        "ci": "01012367891",
        "nombre": "Luis",
        "primer_apellido": "Capote",
        "segundo_apellido": "Perez",
        "facultad": "Ing_Informatica",
        "idBecado": "12345",
        "noCuarto": 301
      },
      {
        "curso": 1,
        "tipoCurso": "DIURNO",
        "carrera": "Ingenieria Informatica",
        "grupo": 13,
        "ci": "01012367897",
        "nombre": "Arath",
        "primer_apellido": "de la Torre",
        "segundo_apellido": "Villanueva",
        "facultad": "Ing_Informatica",
        "idBecado": "12748",
        "noCuarto": 301
      },
      {
        "curso": 2,
        "tipoCurso": "DIURNO",
        "carrera": "Ingenieria Informatica",
        "grupo": 22,
        "ci": "02012367891",
        "nombre": "Pedro",
        "primer_apellido": "Fernández",
        "segundo_apellido": "Cantoral",
        "facultad": "Ing_Informatica",
        "idBecado": "12346",
        "noCuarto": 302
      },
      {
        "curso": 3,
        "tipoCurso": "DIURNO",
        "carrera": "Ingenieria Informatica",
        "grupo": 33,
        "ci": "03012367891",
        "nombre": "Lucero",
        "primer_apellido": "Spanic",
        "segundo_apellido": "Pinal",
        "facultad": "Ing_Informatica",
        "idBecado": "12347",
        "noCuarto": 303
      },
      {
        "curso": 4,
        "tipoCurso": "DIURNO",
        "carrera": "Ingenieria Informatica",
        "grupo": 44,
        "ci": "04012367891",
        "nombre": "Victoria",
        "primer_apellido": "Ruffo",
        "segundo_apellido": "Perroni",
        "facultad": "Ing_Informatica",
        "idBecado": "12348",
        "noCuarto": 304
      },
      {
        "curso": 1,
        "tipoCurso": "DIURNO",
        "carrera": "Ingenieria Informatica",
        "grupo": 11,
        "ci": "05012367891",
        "nombre": "Sebastián",
        "primer_apellido": "Rulli",
        "segundo_apellido": "Díaz",
        "facultad": "Ing_Informatica",
        "idBecado": "12349",
        "noCuarto": 305
      },
      {
        "curso": 1,
        "tipoCurso": "DIURNO",
        "carrera": "Ingenieria Informatica",
        "grupo": 13,
        "ci": "01012367897",
        "nombre": "Mario",
        "primer_apellido": "Casas",
        "segundo_apellido": "Sierra",
        "facultad": "Ing_Informatica",
        "idBecado": "12945",
        "noCuarto": 301
     },
     {
        "curso": 2,
        "tipoCurso": "DIURNO",
        "carrera": "Ingenieria Informatica",
        "grupo": 22,
        "ci": "02020561846",
        "nombre": "Miguel",
        "primer_apellido": "Herran",
        "segundo_apellido": "Ruiz",
        "facultad": "Ing_Informatica",
        "idBecado": "12946",
        "noCuarto": 302
     },
     {
        "curso": 3,
        "tipoCurso": "DIURNO",
        "carrera": "Ingenieria Informatica",
        "grupo": 33,
        "ci": "03030561846",
        "nombre": "Jaime",
        "primer_apellido": "Lorente",
        "segundo_apellido": "Lopez",
        "facultad": "Ing_Informatica",
        "idBecado": "12947",
        "noCuarto": 303
     },
     {
        "curso": 4,
        "tipoCurso": "DIURNO",
        "carrera": "Ingenieria Informatica",
        "grupo": 44,
        "ci": "04040561846",
        "nombre": "Alvaro",
        "primer_apellido": "Morte",
        "segundo_apellido": "Gonzalez",
        "facultad": "Ing_Informatica",
        "idBecado": "12948",
        "noCuarto": 304
     },
     {
        "curso": 1,
        "tipoCurso": "DIURNO",
        "carrera": "Ingenieria Informatica",
        "grupo": 11,
        "ci": "01010561846",
        "nombre": "Itzan",
        "primer_apellido": "Escamilla",
        "segundo_apellido": "Gonzalez",
        "facultad": "Ing_Informatica",
        "idBecado": "12949",
        "noCuarto": 305
     }
     
    
]