[
  {
    "curso": 1,
    "tipoCurso": "DIURNO",
    "carrera": "Ingenieria Informatica",
    "grupo": 1,
    "ci": "01234567891",
    "nombre": "Juan",
    "primer_apellido": "Perez",
    "segundo_apellido": "Perez",
    "facultad": "Ing_Informatica"
  },
  {
    "curso": 1,
    "tipoCurso": "DIURNO",
    "carrera": "Ingenieria Informatica",
    "grupo": 11,
    "ci": "01010161846",
    "nombre": "Luciano",
    "primer_apellido": "Castro",
    "segundo_apellido": "Gonzalez",
    "facultad": "Ing_Informatica"
  },
  {
    "curso": 2,
    "tipoCurso": "DIURNO",
    "carrera": "Ingenieria Informatica",
    "grupo": 23,
    "ci": "02010161846",
    "nombre": "Adrian",
    "primer_apellido": "Suar",
    "segundo_apellido": "Martinez",
    "facultad": "Ing_Informatica"
  },
  {
    "curso": 3,
    "tipoCurso": "DIURNO",
    "carrera": "Ingenieria Informatica",
    "grupo": 32,
    "ci": "03010161846",
    "nombre": "Facundo",
    "primer_apellido": "Arana",
    "segundo_apellido": "Gonzalez",
    "facultad": "Ing_Informatica"
  },
  {
    "curso": 4,
    "tipoCurso": "DIURNO",
    "carrera": "Ingenieria Informatica",
    "grupo": 44,
    "ci": "04010161846",
    "nombre": "Benjamin",
    "primer_apellido": "Vicuña",
    "segundo_apellido": "Gonzalez",
    "facultad": "Ing_Informatica"
  },
  {
    "curso": 1,
    "tipoCurso": "DIURNO",
    "carrera": "Ingenieria Informatica",
    "grupo": 13,
    "ci": "01020161846",
    "nombre": "Pablo",
    "primer_apellido": "Echarri",
    "segundo_apellido": "Martinez",
    "facultad": "Ing_Informatica"
  },
  {
    "curso": 1,
    "tipoCurso": "DIURNO",
    "carrera": "Ingenieria Informatica",
    "grupo": 11,
    "ci": "02010561846",
    "nombre": "Sebastian",
    "primer_apellido": "Martinez",
    "segundo_apellido": "Diaz",
    "facultad": "Ing_Informatica"
  },
  {
    "curso": 2,
    "tipoCurso": "DIURNO",
    "carrera": "Ingenieria Informatica",
    "grupo": 23,
    "ci": "02060561846",
    "nombre": "Carolina",
    "primer_apellido": "Gomez",
    "segundo_apellido": "Lopez",
    "facultad": "Ing_Informatica"
  },
  {
    "curso": 3,
    "tipoCurso": "DIURNO",
    "carrera": "Ingenieria Informatica",
    "grupo": 32,
    "ci": "02090561846",
    "nombre": "Sofia",
    "primer_apellido": "Vergara",
    "segundo_apellido": "Ramirez",
    "facultad": "Ing_Informatica"
  },
  {
    "curso": 4,
    "tipoCurso": "DIURNO",
    "carrera": "Ingenieria Informatica",
    "grupo": 44,
    "ci": "02040561846",
    "nombre": "Juan",
    "primer_apellido": "Pablo",
    "segundo_apellido": "Raba",
    "facultad": "Ing_Informatica"
  },
  {
    "curso": 1,
    "tipoCurso": "DIURNO",
    "carrera": "Ingenieria Informatica",
    "grupo": 13,
    "ci": "02020561846",
    "nombre": "Carmen",
    "primer_apellido": "Villalobos",
    "segundo_apellido": "Garcia",
    "facultad": "Ing_Informatica"
  }

]