[
    {
        "ci": "90070561846",
        "nombre": "Jason",
        "primer_apellido": "Beghe",
        "segundo_apellido": "Soffer",
        "numerotrabajador": "200001",
        "seccion": "Seguridad"
    },
    {
        "ci": "91010561846",
        "nombre": "Sophia",
        "primer_apellido": "Bush",
        "segundo_apellido": "Geraghty",
        "numerotrabajador": "200002",
        "seccion": "Mantenimiento"
    },
    {
        "ci": "92020561846",
        "nombre": "Brian",
        "primer_apellido": "Geraghty",
        "segundo_apellido": "Aguilar",
        "numerotrabajador": "200003",
        "seccion": "Cafeteria"
    },
    {
        "ci": "93030561846",
        "nombre": "Stella",
        "primer_apellido": "Maeve",
        "segundo_apellido": "O'Connor",
        "numerotrabajador": "200004",
        "seccion": "Comedor"
    },
    {
        "ci": "94040561846",
        "nombre": "Kara",
        "primer_apellido": "Killmer",
        "segundo_apellido": "Eigenberg",
        "numerotrabajador": "200005",
        "seccion": "Limpieza"
    },
    {
        "ci": "94070561846",
        "nombre": "Cillian",
        "primer_apellido": "Murphy",
        "segundo_apellido": "O'Neil",
        "numerotrabajador": "200007",
        "seccion": "Seguridad"
    },
    {
        "ci": "95010561846",
        "nombre": "Paul",
        "primer_apellido": "Anderson",
        "segundo_apellido": "Smith",
        "numerotrabajador": "200008",
        "seccion": "Mantenimiento"
    },
    {
        "ci": "96020561846",
        "nombre": "Sophie",
        "primer_apellido": "Rundle",
        "segundo_apellido": "Harrison",
        "numerotrabajador": "200009",
        "seccion": "Cafeteria"
    },
    {
        "ci": "97030561846",
        "nombre": "Helen",
        "primer_apellido": "McCrory",
        "segundo_apellido": "Jones",
        "numerotrabajador": "200010",
        "seccion": "Comedor"
    },
    {
        "ci": "98040561846",
        "nombre": "Finn",
        "primer_apellido": "Cole",
        "segundo_apellido": "O'Neil",
        "numerotrabajador": "200011",
        "seccion": "Limpieza"
    },
    {
        "ci": "99050561846",
        "nombre": "Natasha",
        "primer_apellido": "O'Keeffe",
        "segundo_apellido": "Garcia",
        "numerotrabajador": "200012",
        "seccion": "Seguridad"
    }
]