[
  {
    "empleado": {
    "nombreUsuario": "empleado1",
      "contrasena": "0b14d501a594442a01c6859541bcb3e81", 
      "ci": "80112031821", 
      "nombre": "Leonardo", 
      "primer_apellido": "Perez", 
      "segundo_apellido": "Rubial",
      "numerotrabajador": "20134",
      "facultad": "Ing_Electrica", 
      "departamento": "Redes",
     "categoriaDocente": "Doctor"
  },
  "responsabilidades": [
      "CARNET_CUJAE",
      "DEUDA",
      "CUENTA_USUARIO",
      "LIBROS_BIBLIOTECA"
    ]
  },
   {
    "empleado": {
    "nombreUsuario": "empleado7",
"contrasena": "8b6c4e1f3d5a7b9c6e4d2a8f5d7c9a6b5e3",
"ci": "45013193122",
"nombre": "Pedro",
"primer_apellido": "Diaz",
"segundo_apellido": "Perez",
"numerotrabajador": "80078",
"seccion": "Limpieza"
  },  "responsabilidades": [
      "CARNET_CUJAE",
      "LIBROS_BIBLIOTECA"
      "CARNET_BIBLIOTECA",
    ]
  },
  {
    "empleado": {
    "nombreUsuario": "empleado9",
"contrasena": "7c5e3f9d1a4b2c7a8f6d5e3d8c4a7f9b6",
"ci": "25033163122",
"nombre": "Carlos",
"primer_apellido": "Lopez",
"segundo_apellido": "Gutierrez",
"numerotrabajador": "70056",
"seccion": "Comedor"
  },
  "responsabilidades": [
      "CARNET_CUJAE",
      "SALARIO_INDEBIDO",
      "LIBROS_BIBLIOTECA",
      "CARNET_BIBLIOTECA",
    ]
  },
  {
    "empleado": {
   "nombreUsuario": "empleado6",
"contrasena": "0b14d501a594442a01c6859541bcb3e81", 
"ci": "15612293121", 
"nombre": "Ana", 
"primer_apellido": "Garcia", 
"segundo_apellido": "Perez",
"numerotrabajador": "20139",
"facultad": "Ing_Automatica_y_Biomedica", 
"departamento": "Biomedica",
"categoriaDocente": "Master"
  },
  "responsabilidades": [
      "CARNET_CUJAE",
      "SALARIO_INDEBIDO",
      "DEUDA",
      "CUENTA_USUARIO",
      "LIBROS_BIBLIOTECA"
      "CARNET_BIBLIOTECA",
    ]
  } 
]