[
  [
    {
      "usuario": "Biblioteca",
      "contrasena": "8d6341258d8d4cb6a91899ca1f704721e59a634b1723f775e382b6e48069d753"
    },
    {
      "tipoDepartamento": "Biblioteca"
    }
  ],
  [
    {
      "usuario": "Economia",
      "contrasena": "ba9e01dd549bb3198c02d2527ae78fa9d68f2fa09914e22db021116288ff0056"
    },
    {
      "tipoDepartamento": "Economia"
    }
  ],
  [
    {
      "usuario": "SeguridadInformatica",
      "contrasena": "53f99543996ee802643faf371e3e20198a81529d2b2c0de66263b328c8b449b7"
    },
    {
      "tipoDepartamento": "SeguridadInformatica"
    }
  ],
  [
    {
      "usuario": "DireccionBecas",
      "contrasena": "c2755cf310aa84fef987773aeb2a2356a55abf7cb7eb9af22ef0f3783ed35d37"
    },
    {
      "tipoDepartamento": "DireccionBecas"
    }
  ],
  [
    {
      "usuario": "Contabilidad",
      "contrasena": "38cd88c523e691aa53962a84b6df308b95046102b7e9d67f660be4b86b891d11"
    },
    {
      "tipoDepartamento": "Contabilidad"
    }
  ],
  [
    {
      "usuario": "Secretaria",
      "contrasena": "3e7100903faebe330d30fd23a5563830568bca178d5210986163528da8fac196"
    },
    {
      "tipoDepartamento": "Secretaria"
    }
  ],
  [
    {
      "usuario": "RecursosHumanos",
      "contrasena": "c0623a2bad27da1067a64748a9bc0ced2be41eaa7ea48fe9a2ff91f7b2b480b3"
    },
    {
      "tipoDepartamento": "RecursosHumanos"
    }
  ]

]