[
	[
		{
			"usuario": "estudiante1",
			"contrasena": "655e786674d9d3e77bc05ed1de37b4b6bc89f788829f9f3c679e7687b410c89b"
		},
		{
			"curso": 1,
			"tipoCurso": "DIURNO",
			"carrera": "Ingenieria Informática",
			"grupo": 1,
			"ci": "01234567891",
			"nombre": "Juan",
			"primer_apellido": "Perez",
			"segundo_apellido": "Perez",
			"facultad": "Ing_Informática"
		}
	],
	[
		{
			"usuario": "estudiante2",
			"contrasena": "655e786674d9d3e77bc05ed1de37b4b6bc89f788829f9f3c679e7687b410c89b"
		},
		{
			"curso": 1,
			"tipoCurso": "DIURNO",
			"carrera": "Ingenieria Informática",
			"grupo": 11,
			"ci": "01010161846",
			"nombre": "Luciano",
			"primer_apellido": "Castro",
			"segundo_apellido": "Gonzalez",
			"facultad": "Ing_Informática"
		}
	],
	[
		{
			"usuario": "estudiante3",
			"contrasena": "655e786674d9d3e77bc05ed1de37b4b6bc89f788829f9f3c679e7687b410c89b"
		},
		{
			"curso": 2,
			"tipoCurso": "DIURNO",
			"carrera": "Ingenieria Informática",
			"grupo": 23,
			"ci": "02010161846",
			"nombre": "Adrian",
			"primer_apellido": "Suar",
			"segundo_apellido": "Martinez",
			"facultad": "Ing_Informática"
		}
	],
	[
		{
			"usuario": "estudiante4",
			"contrasena": "655e786674d9d3e77bc05ed1de37b4b6bc89f788829f9f3c679e7687b410c89b"
		},
		{
			"curso": 3,
			"tipoCurso": "DIURNO",
			"carrera": "Ingenieria Informática",
			"grupo": 32,
			"ci": "03010161846",
			"nombre": "Facundo",
			"primer_apellido": "Arana",
			"segundo_apellido": "Gonzalez",
			"facultad": "Ing_Informática"
		}
	],
	[
		{
			"usuario": "estudiante5",
			"contrasena": "655e786674d9d3e77bc05ed1de37b4b6bc89f788829f9f3c679e7687b410c89b"
		},
		{
			"curso": 4,
			"tipoCurso": "DIURNO",
			"carrera": "Ingenieria Informática",
			"grupo": 44,
			"ci": "04010161846",
			"nombre": "Benjamin",
			"primer_apellido": "Vicuña",
			"segundo_apellido": "Gonzalez",
			"facultad": "Ing_Informática"
		}
	],
	[
		{
			"usuario": "estudiante6",
			"contrasena": "655e786674d9d3e77bc05ed1de37b4b6bc89f788829f9f3c679e7687b410c89b"
		},
		{
			"curso": 1,
			"tipoCurso": "DIURNO",
			"carrera": "Ingenieria Informática",
			"grupo": 13,
			"ci": "01020161846",
			"nombre": "Pablo",
			"primer_apellido": "Echarri",
			"segundo_apellido": "Martinez",
			"facultad": "Ing_Informática"
		}
	],
	[
		{
			"usuario": "estudiante7",
			"contrasena": "655e786674d9d3e77bc05ed1de37b4b6bc89f788829f9f3c679e7687b410c89b"
		},
		{
			"curso": 1,
			"tipoCurso": "DIURNO",
			"carrera": "Ingenieria Informática",
			"grupo": 11,
			"ci": "02010561846",
			"nombre": "Sebastian",
			"primer_apellido": "Martinez",
			"segundo_apellido": "Diaz",
			"facultad": "Ing_Informática"
		}
	],
	[
		{
			"usuario": "estudiante8",
			"contrasena": "655e786674d9d3e77bc05ed1de37b4b6bc89f788829f9f3c679e7687b410c89b"
		},
		{
			"curso": 2,
			"tipoCurso": "DIURNO",
			"carrera": "Ingenieria Informática",
			"grupo": 23,
			"ci": "02060561846",
			"nombre": "Carolina",
			"primer_apellido": "Gomez",
			"segundo_apellido": "Lopez",
			"facultad": "Ing_Informática"
		}
	],
	[
		{
			"usuario": "estudiante9",
			"contrasena": "655e786674d9d3e77bc05ed1de37b4b6bc89f788829f9f3c679e7687b410c89b"
		},
		{
			"curso": 3,
			"tipoCurso": "DIURNO",
			"carrera": "Ingenieria Informática",
			"grupo": 32,
			"ci": "02090561846",
			"nombre": "Sofia",
			"primer_apellido": "Vergara",
			"segundo_apellido": "Ramirez",
			"facultad": "Ing_Informática"
		}
	],
	[
		{
			"usuario": "estudiante10",
			"contrasena": "655e786674d9d3e77bc05ed1de37b4b6bc89f788829f9f3c679e7687b410c89b"
		},
		{
			"curso": 4,
			"tipoCurso": "DIURNO",
			"carrera": "Ingenieria Informática",
			"grupo": 44,
			"ci": "02040561846",
			"nombre": "Juan",
			"primer_apellido": "Pablo",
			"segundo_apellido": "Raba",
			"facultad": "Ing_Informática"
		}
	],
	[
		{
			"usuario": "estudiante11",
			"contrasena": "655e786674d9d3e77bc05ed1de37b4b6bc89f788829f9f3c679e7687b410c89b"
		},
		{
			"curso": 1,
			"tipoCurso": "DIURNO",
			"carrera": "Ingenieria Informática",
			"grupo": 13,
			"ci": "02020561846",
			"nombre": "Carmen",
			"primer_apellido": "Villalobos",
			"segundo_apellido": "Garcia",
			"facultad": "Ing_Informática"
		}
	]
]