[
	[
		{
			 "usuario": "empleado1",
   			 "contrasena": "655e786674d9d3e77bc05ed1de37b4b6bc89f788829f9f3c679e7687b410c89b"
		},
		{
			"ci": "81020563846",
			"nombre": "Marcel",
			"primer_apellido": "Pérez",
			"segundo_apellido": "González",
			"numerotrabajador": "987654",
			"facultad": "Ing_Informatica",
			"departamento": "Matemáticas",
			"categoriaDocente": "INGENIERO"
		}
	],
	[
		{
			 "usuario": "empleado2",
   			 "contrasena": "655e786674d9d3e77bc05ed1de37b4b6bc89f788829f9f3c679e7687b410c89b"
		},
		{
			"ci": "81030561847",
			"nombre": "Diego",
			"primer_apellido": "Ramos",
			"segundo_apellido": "Rodriguez",
			"numerotrabajador": "810000",
			"facultad": "Ing_Informatica",
			"departamento": "Programacion",
			"categoriaDocente": "MASTER"
		}
	],
	[
		{
			 "usuario": "empleado3",
   			 "contrasena": "655e786674d9d3e77bc05ed1de37b4b6bc89f788829f9f3c679e7687b410c89b"
		},
		{
			"ci": "83050561849",
			"nombre": "Martin",
			"primer_apellido": "Rodriguez",
			"segundo_apellido": "Perez",
			"numerotrabajador": "830000",
			"facultad": "Ing_Informatica",
			"departamento": "Inteligencia Artificial",
			"categoriaDocente": "INGENIERO"
		}
	],
	[
		{
			 "usuario": "empleado4",
   			 "contrasena": "655e786674d9d3e77bc05ed1de37b4b6bc89f788829f9f3c679e7687b410c89b"
		},
		{
			"ci": "84010561850",
			"nombre": "Gabriela",
			"primer_apellido": "Rocha",
			"segundo_apellido": "Gonzalez",
			"numerotrabajador": "840000",
			"facultad": "Ing_Informatica",
			"departamento": "Bases De Datos",
			"categoriaDocente": "MASTER"
		}
	],
	[
		{
			 "usuario": "empleado5",
   			 "contrasena": "655e786674d9d3e77bc05ed1de37b4b6bc89f788829f9f3c679e7687b410c89b"
		},
		{
			"ci": "80070561846",
			"nombre": "Natalia",
			"primer_apellido": "Oreiro",
			"segundo_apellido": "Iglesias",
			"numerotrabajador": "800001",
			"facultad": "Ing_Informatica",
			"departamento": "Matematicas",
			"categoriaDocente": "INGENIERO"
		 }
	],
	[
		{
			 "usuario": "empleado6",
   			 "contrasena": "655e786674d9d3e77bc05ed1de37b4b6bc89f788829f9f3c679e7687b410c89b"
		},
		{
			"ci": "82090561848",
			"nombre": "Osvaldo",
			"primer_apellido": "Laport",
			"segundo_apellido": "Gomez",
			"numerotrabajador": "820000",
			"facultad": "Ing_Informatica",
			"departamento": "Historia",
			"categoriaDocente": "DOCTOR"
		 }
	],
	[
		{
			 "usuario": "empleado7",
   			 "contrasena": "655e786674d9d3e77bc05ed1de37b4b6bc89f788829f9f3c679e7687b410c89b"
		},
		{
			"ci": "60070561846",
			"nombre": "Maribel",
			"primer_apellido": "Guardia",
			"segundo_apellido": "Fernandez",
			"numerotrabajador": "805001",
			"facultad": "Ing_Informatica",
			"departamento": "Matematicas",
			"categoriaDocente": "INGENIERO"
		 }
	],
	[
		{
			 "usuario": "empleado8",
   			 "contrasena": "655e786674d9d3e77bc05ed1de37b4b6bc89f788829f9f3c679e7687b410c89b"
		},
		{
			"ci": "61030561847",
			"nombre": "Harry",
			"primer_apellido": "Geithner",
			"segundo_apellido": "Gomez",
			"numerotrabajador": "810800",
			"facultad": "Ing_Informatica",
			"departamento": "Programacion",
			"categoriaDocente": "MASTER"
		 }
	],
	[
		{
			 "usuario": "empleado9",
   			 "contrasena": "655e786674d9d3e77bc05ed1de37b4b6bc89f788829f9f3c679e7687b410c89b"
		},
		{
			"ci": "62090561848",
			"nombre": "Mario",
			"primer_apellido": "Chacon",
			"segundo_apellido": "Gonzalez",
			"numerotrabajador": "820090",
			"facultad": "Ing_Informatica",
			"departamento": "Historia",
			"categoriaDocente": "DOCTOR"
		 }
	],
	[
		{
			 "usuario": "empleado10",
   			 "contrasena": "655e786674d9d3e77bc05ed1de37b4b6bc89f788829f9f3c679e7687b410c89b"
		},
		{
			"ci": "63050561849",
			"nombre": "Nancy",
			"primer_apellido": "Dobles",
			"segundo_apellido": "Gutierrez",
			"numerotrabajador": "839000",
			"facultad": "Ing_Informatica",
			"departamento": "Inteligencia Artificial",
			"categoriaDocente": "INGENIERO"
		 }
	],
	[
		{
			 "usuario": "empleado11",
   			 "contrasena": "655e786674d9d3e77bc05ed1de37b4b6bc89f788829f9f3c679e7687b410c89b"
		},
		{
			"ci": "64010561850",
			"nombre": "Leonardo",
			"primer_apellido": "Perucci",
			"segundo_apellido": "Martinez",
			"numerotrabajador": "841000",
			"facultad": "Ing_Informatica",
			"departamento": "Bases De Datos",
			"categoriaDocente": "MASTER"
		 }
	]
	
]