[
    [
        {
            "usuario": "estudiante12",
            "contrasena": "655e786674d9d3e77bc05ed1de37b4b6bc89f788829f9f3c679e7687b410c89b"
        },
        {
            "curso": 1,
            "tipoCurso": "DIURNO",
            "carrera": "Ingenieria Informática",
            "grupo": 13,
            "ci": "01012367891",
            "nombre": "Luis",
            "primer_apellido": "Capote",
            "segundo_apellido": "Perez",
            "facultad": "Ing_Informática",
            "idBecado": "12345",
            "noCuarto": 301
        }
    ],
    [
        {
            "usuario": "estudiante13",
            "contrasena": "655e786674d9d3e77bc05ed1de37b4b6bc89f788829f9f3c679e7687b410c89b"
        },
        {
            "curso": 1,
            "tipoCurso": "DIURNO",
            "carrera": "Ingenieria Informática",
            "grupo": 13,
            "ci": "01012367897",
            "nombre": "Arath",
            "primer_apellido": "de la Torre",
            "segundo_apellido": "Villanueva",
            "facultad": "Ing_Informática",
            "idBecado": "12748",
            "noCuarto": 301
          }
    ],
    [
        {
            "usuario": "estudiante14",
            "contrasena": "655e786674d9d3e77bc05ed1de37b4b6bc89f788829f9f3c679e7687b410c89b"
        },
        {
            "curso": 2,
            "tipoCurso": "DIURNO",
            "carrera": "Ingenieria Informática",
            "grupo": 22,
            "ci": "02012367891",
            "nombre": "Pedro",
            "primer_apellido": "Fernández",
            "segundo_apellido": "Cantoral",
            "facultad": "Ing_Informática",
            "idBecado": "12346",
            "noCuarto": 302
          }
    ],
    [
        {
            "usuario": "estudiante15",
            "contrasena": "655e786674d9d3e77bc05ed1de37b4b6bc89f788829f9f3c679e7687b410c89b"
        },
        {
            "curso": 3,
            "tipoCurso": "DIURNO",
            "carrera": "Ingenieria Informática",
            "grupo": 33,
            "ci": "03012367891",
            "nombre": "Lucero",
            "primer_apellido": "Spanic",
            "segundo_apellido": "Pinal",
            "facultad": "Ing_Informática",
            "idBecado": "12347",
            "noCuarto": 303
          }
    ],
    [
        {
            "usuario": "estudiante16",
            "contrasena": "655e786674d9d3e77bc05ed1de37b4b6bc89f788829f9f3c679e7687b410c89b"
        },
        {
            "curso": 4,
            "tipoCurso": "DIURNO",
            "carrera": "Ingenieria Informática",
            "grupo": 44,
            "ci": "04012367891",
            "nombre": "Victoria",
            "primer_apellido": "Ruffo",
            "segundo_apellido": "Perroni",
            "facultad": "Ing_Informática",
            "idBecado": "12348",
            "noCuarto": 304
          }
    ],
    [
        {
            "usuario": "estudiante17",
            "contrasena": "655e786674d9d3e77bc05ed1de37b4b6bc89f788829f9f3c679e7687b410c89b"
        },
        {
            "curso": 1,
            "tipoCurso": "DIURNO",
            "carrera": "Ingenieria Informática",
            "grupo": 11,
            "ci": "05012367891",
            "nombre": "Sebastián",
            "primer_apellido": "Rulli",
            "segundo_apellido": "Díaz",
            "facultad": "Ing_Informática",
            "idBecado": "12349",
            "noCuarto": 305
          }
    ],
    [
        {
            "usuario": "estudiante18",
            "contrasena": "655e786674d9d3e77bc05ed1de37b4b6bc89f788829f9f3c679e7687b410c89b"
        },
        {
            "curso": 1,
            "tipoCurso": "DIURNO",
            "carrera": "Ingenieria Informática",
            "grupo": 13,
            "ci": "01012367897",
            "nombre": "Mario",
            "primer_apellido": "Casas",
            "segundo_apellido": "Sierra",
            "facultad": "Ing_Informática",
            "idBecado": "12945",
            "noCuarto": 301
         }
    ],
    [
        {
            "usuario": "estudiante19",
            "contrasena": "655e786674d9d3e77bc05ed1de37b4b6bc89f788829f9f3c679e7687b410c89b"
        },
        {
            "curso": 2,
            "tipoCurso": "DIURNO",
            "carrera": "Ingenieria Informática",
            "grupo": 22,
            "ci": "02020561846",
            "nombre": "Miguel",
            "primer_apellido": "Herran",
            "segundo_apellido": "Ruiz",
            "facultad": "Ing_Informática",
            "idBecado": "12946",
            "noCuarto": 302
         }
    ],
    [
        {
            "usuario": "estudiante20",
            "contrasena": "655e786674d9d3e77bc05ed1de37b4b6bc89f788829f9f3c679e7687b410c89b"
        },
        {
            "curso": 3,
            "tipoCurso": "DIURNO",
            "carrera": "Ingenieria Informática",
            "grupo": 33,
            "ci": "03030561846",
            "nombre": "Jaime",
            "primer_apellido": "Lorente",
            "segundo_apellido": "Lopez",
            "facultad": "Ing_Informática",
            "idBecado": "12947",
            "noCuarto": 303
         }
    ],
    [
        {
            "usuario": "estudiante21",
            "contrasena": "655e786674d9d3e77bc05ed1de37b4b6bc89f788829f9f3c679e7687b410c89b"
        },
        {
            "curso": 4,
            "tipoCurso": "DIURNO",
            "carrera": "Ingenieria Informática",
            "grupo": 44,
            "ci": "04040561846",
            "nombre": "Alvaro",
            "primer_apellido": "Morte",
            "segundo_apellido": "Gonzalez",
            "facultad": "Ing_Informática",
            "idBecado": "12948",
            "noCuarto": 304
         }
    ],
    [
        {
            "usuario": "estudiante22",
            "contrasena": "655e786674d9d3e77bc05ed1de37b4b6bc89f788829f9f3c679e7687b410c89b"
        },
        {
            "curso": 1,
            "tipoCurso": "DIURNO",
            "carrera": "Ingenieria Informática",
            "grupo": 11,
            "ci": "01010561846",
            "nombre": "Itzan",
            "primer_apellido": "Escamilla",
            "segundo_apellido": "Gonzalez",
            "facultad": "Ing_Informática",
            "idBecado": "12949",
            "noCuarto": 305
         }
    ]
    
]